index,id,valid,success,failed_skill,failed_reason,pin_order,carriage_yaw_deg,carriage_height_mm,carriage_offset_mm,carriage_grasp_force_n,carriage_push_speed_mm_s,carriage_push_limit_n,carriage_min_contact_n,end_stop_yaw_deg,pin_left_yaw_deg,pin_right_yaw_deg,handle_grasp_force_n,handle_press_force_n,approach_strategy,plan_sha256
1,grounded_014,True,False,push_carriage,released carriage did not reach the target by rear contact,pin_right-pin_left,0,7.0,"-12.0,0.0",9.0,10.31,14.41,1.17,90,90,-90,6.85,1.04,joint_checked_v10,9115f5b5189b432fac083ddc1920212668d87d16e771af0158f2c4b8e87f2e67
2,grounded_010,True,False,push_carriage,released carriage did not reach the target by rear contact,pin_right-pin_left,0,7.0,"0.0,0.0",3.54,16.25,4.23,3.24,0,90,-90,5.56,1.08,feedback,7f4ae699f3d5d27ca663d449422c53c072dc39c3f3c2cdb67398b6083c3b335b
3,grounded_000,True,False,approach,approach error,pin_left-pin_right,90,0.0,"0.0,0.0",6.0,11.43,18.0,1.54,0,-90,-90,6.0,1.15,feedback,d804f2c95161cab41c09249dde9e1f8e9fae41d0bff3f4ed0f97279028db51d1
4,grounded_007,True,False,approach,checked joint approach collision,pin_right-pin_left,90,0.0,"12.0,0.0",9.0,10.05,18.0,2.11,0,-90,-90,4.59,1.95,joint_checked_v10,8af4a85ae81d3cdbd0964a5c80c4cb0b7d5f3ac812ddb701829e28e651cca8e9
5,grounded_002,True,False,push_carriage,released carriage did not reach the target by rear contact,pin_right-pin_left,90,7.0,"0.0,-12.0",8.73,13.39,11.64,1.25,0,90,180,2.97,1.72,feedback,489232ec5b7073391a6a645fd216f41963edf60cefc4282da10bc8e86c49c381
6,grounded_004,True,False,push_carriage,released carriage did not reach the target by rear contact,pin_left-pin_right,90,7.0,"0.0,0.0",9.0,18.88,16.73,1.41,90,180,90,3.62,1.01,joint_checked_v10,07ee57e9e28335e6b2f91c2e8b783433d12f127b38755a46732b44efd27d8ee7
7,grounded_011,True,False,push_carriage,released carriage did not reach the target by rear contact,pin_right-pin_left,90,4.0,"-12.0,0.0",5.08,19.31,6.78,3.62,0,180,90,5.88,1.14,feedback,069bf8e946a1e046abf2e436ae47866c4002908e35961b38dfb99c787be306d8
8,grounded_013,True,False,push_carriage,released carriage did not reach the target by rear contact,pin_left-pin_right,90,7.0,"-12.0,0.0",8.9,8.51,11.87,1.09,90,0,90,6.53,3.32,joint_checked_v10,86d333fb4b0b104413192fc3004700ca303ae965361f4299bda788e4ed314319
9,grounded_009,True,False,push_carriage,released carriage did not reach the target by rear contact,pin_left-pin_right,0,7.0,"0.0,-12.0",9.0,13.64,18.0,2.86,0,180,180,5.24,1.02,feedback,533a9e6bb8ab1746b967d27114659bb30f6b5533023363fb87a7069f91c1aec3
10,grounded_003,True,False,push_carriage,released carriage did not reach the target by rear contact,pin_right-pin_left,90,4.0,"12.0,0.0",9.0,15.82,14.18,1.33,90,90,90,3.29,2.86,feedback,749c61eed9733cbcab00b466866f16eb6d9842fb5619dc2c8d9de1fa371f6dd3
11,grounded_005,True,False,push_carriage,released carriage did not reach the target by rear contact,pin_left-pin_right,90,7.0,"12.0,0.0",9.0,21.94,18.0,1.5,0,-90,0,3.94,1.07,joint_checked_v10,74bdee39f008a74aa6c8b2b0b4a8895f59db2a5eb99c7eef5474878adf029018
12,grounded_001,True,False,push_carriage,released carriage did not reach the target by rear contact,pin_left-pin_right,0,7.0,"0.0,12.0",6.82,11.59,9.09,1.17,0,0,0,2.65,1.12,feedback,023859f6ebb3a9f02d2012a3f34820aff9f45a4d360364ad7990232b88f71ba9
13,grounded_012,True,False,push_carriage,released carriage did not reach the target by rear contact,pin_left-pin_right,90,7.0,"0.0,12.0",6.99,22.38,9.32,1.01,90,-90,0,6.21,2.17,joint_checked_v10,d6ce29909b226d6080ff35b961c6b32a215631b2f48b28a84489134d87ef6cd9
14,grounded_008,True,False,push_carriage,released carriage did not reach the target by rear contact,pin_left-pin_right,90,4.0,"0.0,0.0",9.0,11.85,18.0,2.49,0,0,0,4.91,3.09,feedback,ff0d3ba28127d67a292d0ec585c2d8371528ff0103b2ddf0fe07e91a7e188ddb
15,grounded_006,True,False,push_carriage,released carriage did not reach the target by rear contact,pin_right-pin_left,0,7.0,"12.0,0.0",9.0,8.26,18.0,1.73,90,0,180,4.26,1.13,joint_checked_v10,85276a0ac9c7537d1d448f6179c58d63d69888a5af0df54b0823ad7acf775abe
16,grounded_015,True,False,approach,checked joint approach collision,pin_right-pin_left,90,0.0,"-12.0,0.0",9.0,12.1,16.96,1.25,90,90,0,7.18,1.09,joint_checked_v10,99c4a79fc5f22177e57889744a4e37c6ee9be74b7f77171221521b891ca9b794
