sequence,name,pin_order,carriage_yaw_deg,carriage_height_mm,carriage_offset_xy_mm,carriage_grip_N,carriage_push_speed_mm_s,carriage_force_limit_N,end_stop_yaw_deg,left_pin_yaw_deg,right_pin_yaw_deg,handle_height_mm,handle_grip_N,handle_press_N,failure_stage,failed_atom,valid,success,plan_sha256,result_path
1,grounded_014,R-L,0,7.0,"-12,0",9.0,10.3,14.4,90,90,-90,0.0,6.9,1.0,handle,approach,True,False,cbc812313bd58773b018b0300f08dd6ce6ecec272bbc824df0168d87cc4b9880,results/v30_seed2788_part0/candidates/grounded_014/result.json
2,grounded_010,R-L,0,7.0,"0,0",3.5,16.3,4.2,0,90,-90,7.0,5.6,1.1,handle,press_seat,True,False,0559acaffacc7fc455e8620e827a94f6fb25d121057d25e3adbf082e2f093311,results/v30_seed2788_part0/candidates/grounded_010/result.json
3,grounded_000,L-R,90,0.0,"0,0",6.0,11.4,18.0,0,-90,-90,0.0,6.0,1.1,carriage,approach,True,False,32b20a188e86540730ab20e9e4944f34852b3746ce805cbe2a99c29389c4e2ab,results/v30_seed2788_part0/candidates/grounded_000/result.json
4,grounded_007,R-L,90,0.0,"12,0",9.0,10.1,18.0,0,-90,-90,4.0,4.6,1.9,carriage,approach,True,False,03222558e1d247df9a4d70f5c11f9f750108b342a8e60353e3468265d93d0d93,results/v30_seed2788_part0/candidates/grounded_007/result.json
5,grounded_002,R-L,90,7.0,"0,-12",8.7,13.4,11.6,0,90,180,0.0,3.0,1.7,carriage,slide_insert,True,False,7ab44800b25fd09df2772f3b4f0d11fb6352dacd067d845064e77a93b75edb7e,results/v30_seed2788_part4/candidates/grounded_002/result.json
6,grounded_004,L-R,90,7.0,"0,0",9.0,18.9,16.7,90,180,90,4.0,3.6,1.0,handle,press_seat,True,False,3cb7019d80b4a2112e98731780b81dc968720295aba6226ff265eb777a6ddfd3,results/v30_seed2788_part4/candidates/grounded_004/result.json
7,grounded_011,R-L,90,4.0,"-12,0",5.1,19.3,6.8,0,180,90,0.0,5.9,1.1,carriage,slide_insert,True,False,2470d18d671fa74e3e11462d9f41844e03dff422e481c888825e81a361754f12,results/v30_seed2788_part4/candidates/grounded_011/result.json
8,grounded_013,L-R,90,7.0,"-12,0",8.9,8.5,11.9,90,0,90,0.0,6.5,3.3,carriage,slide_insert,True,False,7e749a5bf8953e091a1f4ace17434086aae4442f0c4b19b3991526d8b1d3c5fa,results/v30_seed2788_part4/candidates/grounded_013/result.json
9,grounded_009,L-R,0,7.0,"0,-12",9.0,13.6,18.0,0,180,180,7.0,5.2,1.0,handle,press_seat,True,False,dc28237bb03269aafa8207fadfd01a229718de18eb4498826fba6f4b04c2858b,results/v30_seed2788_retry8/candidates/grounded_009/result.json
10,grounded_003,R-L,90,4.0,"12,0",9.0,15.8,14.2,90,90,90,0.0,3.3,2.9,handle,place_object,True,False,8149bd6185558ac86c8f50420f50b5827a9c1e4bfeb0d6a11a53b070de60fc19,results/v30_seed2788_part8/candidates/grounded_003/result.json
11,grounded_005,L-R,90,7.0,"12,0",9.0,21.9,18.0,0,-90,0,4.0,3.9,1.1,handle,press_seat,True,False,4b1fc9d111bcba8c8efeeb2859ac58b4528fee1734b72a4f67ecb80706cd80f2,results/v30_seed2788_part8/candidates/grounded_005/result.json
12,grounded_001,L-R,0,7.0,"0,12",6.8,11.6,9.1,0,0,0,0.0,2.6,1.1,handle,press_seat,True,False,173b8bc4b4d430f3498389ae5fb997db5aa626cc304b2fe8321f9f053d1259a9,results/v30_seed2788_part8/candidates/grounded_001/result.json
13,grounded_012,L-R,90,7.0,"0,12",7.0,22.4,9.3,90,-90,0,0.0,6.2,2.2,carriage,slide_insert,True,False,72919bb28baa6ef345d769430c2f5a93d39474ae4aeb1a52379c07aac626dcc8,results/v30_seed2788_part12/candidates/grounded_012/result.json
14,grounded_008,L-R,90,4.0,"0,0",9.0,11.8,18.0,0,0,0,7.0,4.9,3.1,end_stop,approach,True,False,62be2a0fa962842369e7b30503bea5dd1a7e8e4f3d8acfbd0ce6e4001faf880b,results/v30_seed2788_part12/candidates/grounded_008/result.json
15,grounded_006,R-L,0,7.0,"12,0",9.0,8.3,18.0,90,0,180,4.0,4.3,1.1,pin_right,press_seat,True,False,26ec6e86e155040da5cc9d5e5f991ff62ffb6bd7a54a7869157a9772c5709d12,results/v30_seed2788_part12/candidates/grounded_006/result.json
16,grounded_015,R-L,90,0.0,"-12,0",9.0,12.1,17.0,90,90,0,4.0,7.2,1.1,carriage,approach,True,False,3f7014ca0dddb33dc1a58c3e757ff6c81dcc5d982936732bd05e43398dd56814,results/v30_seed2788_part12/candidates/grounded_015/result.json
