model,k,stratum,value,decision_groups,configurations,hit,feasible,regret,brier
mlp_17,1,all,all,16,12,1.0,1.0,0.0,0.0455279905646522
mlp_17,1,family,rigid_connector_module,10,6,1.0,1.0,0.0,0.06868983344692323
mlp_17,1,family,sliding_stage_pin,6,6,1.0,1.0,0.0,0.022366147682381172
mlp_17,1,length,19,6,6,1.0,1.0,0.0,0.022366147682381172
mlp_17,1,length,22,2,2,1.0,1.0,0.0,0.04225955600850284
mlp_17,1,length,58,2,2,1.0,1.0,0.0,0.22158802300691605
mlp_17,1,length,76,6,6,1.0,1.0,0.0,0.06440055812709033
mlp_17,1,pool_type,mixed,16,12,1.0,1.0,0.0,0.0455279905646522
mlp_17,1,informative,True,16,12,1.0,1.0,0.0,0.0455279905646522
mlp_17,2,all,all,16,12,1.0,1.0,0.0,0.0455279905646522
mlp_17,2,family,rigid_connector_module,10,6,1.0,1.0,0.0,0.06868983344692323
mlp_17,2,family,sliding_stage_pin,6,6,1.0,1.0,0.0,0.022366147682381172
mlp_17,2,length,19,6,6,1.0,1.0,0.0,0.022366147682381172
mlp_17,2,length,22,2,2,1.0,1.0,0.0,0.04225955600850284
mlp_17,2,length,58,2,2,1.0,1.0,0.0,0.22158802300691605
mlp_17,2,length,76,6,6,1.0,1.0,0.0,0.06440055812709033
mlp_17,2,pool_type,mixed,16,12,1.0,1.0,0.0,0.0455279905646522
mlp_17,2,informative,True,16,12,1.0,1.0,0.0,0.0455279905646522
mlp_17,4,all,all,16,12,1.0,1.0,0.0,0.0455279905646522
mlp_17,4,family,rigid_connector_module,10,6,1.0,1.0,0.0,0.06868983344692323
mlp_17,4,family,sliding_stage_pin,6,6,1.0,1.0,0.0,0.022366147682381172
mlp_17,4,length,19,6,6,1.0,1.0,0.0,0.022366147682381172
mlp_17,4,length,22,2,2,1.0,1.0,0.0,0.04225955600850284
mlp_17,4,length,58,2,2,1.0,1.0,0.0,0.22158802300691605
mlp_17,4,length,76,6,6,1.0,1.0,0.0,0.06440055812709033
mlp_17,4,pool_type,mixed,16,12,1.0,1.0,0.0,0.0455279905646522
mlp_17,4,informative,True,16,12,1.0,1.0,0.0,0.0455279905646522
mlp_17,8,all,all,16,12,1.0,1.0,0.0,0.0455279905646522
mlp_17,8,family,rigid_connector_module,10,6,1.0,1.0,0.0,0.06868983344692323
mlp_17,8,family,sliding_stage_pin,6,6,1.0,1.0,0.0,0.022366147682381172
mlp_17,8,length,19,6,6,1.0,1.0,0.0,0.022366147682381172
mlp_17,8,length,22,2,2,1.0,1.0,0.0,0.04225955600850284
mlp_17,8,length,58,2,2,1.0,1.0,0.0,0.22158802300691605
mlp_17,8,length,76,6,6,1.0,1.0,0.0,0.06440055812709033
mlp_17,8,pool_type,mixed,16,12,1.0,1.0,0.0,0.0455279905646522
mlp_17,8,informative,True,16,12,1.0,1.0,0.0,0.0455279905646522
residual_17,1,all,all,16,12,1.0,1.0,0.0,0.0456995432679024
residual_17,1,family,rigid_connector_module,10,6,1.0,1.0,0.0,0.05860389293067985
residual_17,1,family,sliding_stage_pin,6,6,1.0,1.0,0.0,0.03279519360512495
residual_17,1,length,19,6,6,1.0,1.0,0.0,0.03279519360512495
residual_17,1,length,22,2,2,1.0,1.0,0.0,0.0697336308658123
residual_17,1,length,58,2,2,1.0,1.0,0.0,0.14537426829338074
residual_17,1,length,76,6,6,1.0,1.0,0.0,0.05981575325131416
residual_17,1,pool_type,mixed,16,12,1.0,1.0,0.0,0.0456995432679024
residual_17,1,informative,True,16,12,1.0,1.0,0.0,0.0456995432679024
residual_17,2,all,all,16,12,1.0,1.0,0.0,0.0456995432679024
residual_17,2,family,rigid_connector_module,10,6,1.0,1.0,0.0,0.05860389293067985
residual_17,2,family,sliding_stage_pin,6,6,1.0,1.0,0.0,0.03279519360512495
residual_17,2,length,19,6,6,1.0,1.0,0.0,0.03279519360512495
residual_17,2,length,22,2,2,1.0,1.0,0.0,0.0697336308658123
residual_17,2,length,58,2,2,1.0,1.0,0.0,0.14537426829338074
residual_17,2,length,76,6,6,1.0,1.0,0.0,0.05981575325131416
residual_17,2,pool_type,mixed,16,12,1.0,1.0,0.0,0.0456995432679024
residual_17,2,informative,True,16,12,1.0,1.0,0.0,0.0456995432679024
residual_17,4,all,all,16,12,1.0,1.0,0.0,0.0456995432679024
residual_17,4,family,rigid_connector_module,10,6,1.0,1.0,0.0,0.05860389293067985
residual_17,4,family,sliding_stage_pin,6,6,1.0,1.0,0.0,0.03279519360512495
residual_17,4,length,19,6,6,1.0,1.0,0.0,0.03279519360512495
residual_17,4,length,22,2,2,1.0,1.0,0.0,0.0697336308658123
residual_17,4,length,58,2,2,1.0,1.0,0.0,0.14537426829338074
residual_17,4,length,76,6,6,1.0,1.0,0.0,0.05981575325131416
residual_17,4,pool_type,mixed,16,12,1.0,1.0,0.0,0.0456995432679024
residual_17,4,informative,True,16,12,1.0,1.0,0.0,0.0456995432679024
residual_17,8,all,all,16,12,1.0,1.0,0.0,0.0456995432679024
residual_17,8,family,rigid_connector_module,10,6,1.0,1.0,0.0,0.05860389293067985
residual_17,8,family,sliding_stage_pin,6,6,1.0,1.0,0.0,0.03279519360512495
residual_17,8,length,19,6,6,1.0,1.0,0.0,0.03279519360512495
residual_17,8,length,22,2,2,1.0,1.0,0.0,0.0697336308658123
residual_17,8,length,58,2,2,1.0,1.0,0.0,0.14537426829338074
residual_17,8,length,76,6,6,1.0,1.0,0.0,0.05981575325131416
residual_17,8,pool_type,mixed,16,12,1.0,1.0,0.0,0.0456995432679024
residual_17,8,informative,True,16,12,1.0,1.0,0.0,0.0456995432679024
pin_mlp_17,1,all,all,16,12,0.9166666666666666,0.9166666666666666,0.08333333333333333,0.1647272180917854
pin_mlp_17,1,family,rigid_connector_module,10,6,0.8333333333333334,0.8333333333333334,0.16666666666666666,0.30322384420368403
pin_mlp_17,1,family,sliding_stage_pin,6,6,1.0,1.0,0.0,0.026230591979886714
pin_mlp_17,1,length,19,6,6,1.0,1.0,0.0,0.026230591979886714
pin_mlp_17,1,length,22,2,2,1.0,1.0,0.0,0.71875
pin_mlp_17,1,length,58,2,2,1.0,1.0,0.0,0.3359375
pin_mlp_17,1,length,76,6,6,0.8333333333333334,0.8333333333333334,0.16666666666666666,0.22936534136533737
pin_mlp_17,1,pool_type,mixed,16,12,0.9166666666666666,0.9166666666666666,0.08333333333333333,0.1647272180917854
pin_mlp_17,1,informative,True,16,12,0.9166666666666666,0.9166666666666666,0.08333333333333333,0.1647272180917854
pin_mlp_17,2,all,all,16,12,1.0,1.0,0.0,0.1647272180917854
pin_mlp_17,2,family,rigid_connector_module,10,6,1.0,1.0,0.0,0.30322384420368403
pin_mlp_17,2,family,sliding_stage_pin,6,6,1.0,1.0,0.0,0.026230591979886714
pin_mlp_17,2,length,19,6,6,1.0,1.0,0.0,0.026230591979886714
pin_mlp_17,2,length,22,2,2,1.0,1.0,0.0,0.71875
pin_mlp_17,2,length,58,2,2,1.0,1.0,0.0,0.3359375
pin_mlp_17,2,length,76,6,6,1.0,1.0,0.0,0.22936534136533737
pin_mlp_17,2,pool_type,mixed,16,12,1.0,1.0,0.0,0.1647272180917854
pin_mlp_17,2,informative,True,16,12,1.0,1.0,0.0,0.1647272180917854
pin_mlp_17,4,all,all,16,12,1.0,1.0,0.0,0.1647272180917854
pin_mlp_17,4,family,rigid_connector_module,10,6,1.0,1.0,0.0,0.30322384420368403
pin_mlp_17,4,family,sliding_stage_pin,6,6,1.0,1.0,0.0,0.026230591979886714
pin_mlp_17,4,length,19,6,6,1.0,1.0,0.0,0.026230591979886714
pin_mlp_17,4,length,22,2,2,1.0,1.0,0.0,0.71875
pin_mlp_17,4,length,58,2,2,1.0,1.0,0.0,0.3359375
pin_mlp_17,4,length,76,6,6,1.0,1.0,0.0,0.22936534136533737
pin_mlp_17,4,pool_type,mixed,16,12,1.0,1.0,0.0,0.1647272180917854
pin_mlp_17,4,informative,True,16,12,1.0,1.0,0.0,0.1647272180917854
pin_mlp_17,8,all,all,16,12,1.0,1.0,0.0,0.1647272180917854
pin_mlp_17,8,family,rigid_connector_module,10,6,1.0,1.0,0.0,0.30322384420368403
pin_mlp_17,8,family,sliding_stage_pin,6,6,1.0,1.0,0.0,0.026230591979886714
pin_mlp_17,8,length,19,6,6,1.0,1.0,0.0,0.026230591979886714
pin_mlp_17,8,length,22,2,2,1.0,1.0,0.0,0.71875
pin_mlp_17,8,length,58,2,2,1.0,1.0,0.0,0.3359375
pin_mlp_17,8,length,76,6,6,1.0,1.0,0.0,0.22936534136533737
pin_mlp_17,8,pool_type,mixed,16,12,1.0,1.0,0.0,0.1647272180917854
pin_mlp_17,8,informative,True,16,12,1.0,1.0,0.0,0.1647272180917854
mlp_43,1,all,all,16,12,1.0,1.0,0.0,0.04603314616866152
mlp_43,1,family,rigid_connector_module,10,6,1.0,1.0,0.0,0.06940184616703644
mlp_43,1,family,sliding_stage_pin,6,6,1.0,1.0,0.0,0.022664446170286585
mlp_43,1,length,19,6,6,1.0,1.0,0.0,0.022664446170286585
mlp_43,1,length,22,2,2,1.0,1.0,0.0,0.07446502314996906
mlp_43,1,length,58,2,2,1.0,1.0,0.0,0.18903755396604538
mlp_43,1,length,76,6,6,1.0,1.0,0.0,0.06425401715872188
mlp_43,1,pool_type,mixed,16,12,1.0,1.0,0.0,0.04603314616866152
mlp_43,1,informative,True,16,12,1.0,1.0,0.0,0.04603314616866152
mlp_43,2,all,all,16,12,1.0,1.0,0.0,0.04603314616866152
mlp_43,2,family,rigid_connector_module,10,6,1.0,1.0,0.0,0.06940184616703644
mlp_43,2,family,sliding_stage_pin,6,6,1.0,1.0,0.0,0.022664446170286585
mlp_43,2,length,19,6,6,1.0,1.0,0.0,0.022664446170286585
mlp_43,2,length,22,2,2,1.0,1.0,0.0,0.07446502314996906
mlp_43,2,length,58,2,2,1.0,1.0,0.0,0.18903755396604538
mlp_43,2,length,76,6,6,1.0,1.0,0.0,0.06425401715872188
mlp_43,2,pool_type,mixed,16,12,1.0,1.0,0.0,0.04603314616866152
mlp_43,2,informative,True,16,12,1.0,1.0,0.0,0.04603314616866152
mlp_43,4,all,all,16,12,1.0,1.0,0.0,0.04603314616866152
mlp_43,4,family,rigid_connector_module,10,6,1.0,1.0,0.0,0.06940184616703644
mlp_43,4,family,sliding_stage_pin,6,6,1.0,1.0,0.0,0.022664446170286585
mlp_43,4,length,19,6,6,1.0,1.0,0.0,0.022664446170286585
mlp_43,4,length,22,2,2,1.0,1.0,0.0,0.07446502314996906
mlp_43,4,length,58,2,2,1.0,1.0,0.0,0.18903755396604538
mlp_43,4,length,76,6,6,1.0,1.0,0.0,0.06425401715872188
mlp_43,4,pool_type,mixed,16,12,1.0,1.0,0.0,0.04603314616866152
mlp_43,4,informative,True,16,12,1.0,1.0,0.0,0.04603314616866152
mlp_43,8,all,all,16,12,1.0,1.0,0.0,0.04603314616866152
mlp_43,8,family,rigid_connector_module,10,6,1.0,1.0,0.0,0.06940184616703644
mlp_43,8,family,sliding_stage_pin,6,6,1.0,1.0,0.0,0.022664446170286585
mlp_43,8,length,19,6,6,1.0,1.0,0.0,0.022664446170286585
mlp_43,8,length,22,2,2,1.0,1.0,0.0,0.07446502314996906
mlp_43,8,length,58,2,2,1.0,1.0,0.0,0.18903755396604538
mlp_43,8,length,76,6,6,1.0,1.0,0.0,0.06425401715872188
mlp_43,8,pool_type,mixed,16,12,1.0,1.0,0.0,0.04603314616866152
mlp_43,8,informative,True,16,12,1.0,1.0,0.0,0.04603314616866152
no_vision_17,1,all,all,16,12,0.75,0.75,0.25,0.1603864590606629
no_vision_17,1,family,rigid_connector_module,10,6,0.6666666666666666,0.6666666666666666,0.3333333333333333,0.13042861883862536
no_vision_17,1,family,sliding_stage_pin,6,6,0.8333333333333334,0.8333333333333334,0.16666666666666666,0.19034429928270044
no_vision_17,1,length,19,6,6,0.8333333333333334,0.8333333333333334,0.16666666666666666,0.19034429928270044
no_vision_17,1,length,22,2,2,0.0,0.0,1.0,0.32075291910208714
no_vision_17,1,length,58,2,2,1.0,1.0,0.0,0.17600168911208058
no_vision_17,1,length,76,6,6,0.6666666666666666,0.6666666666666666,0.3333333333333333,0.13280633269233852
no_vision_17,1,pool_type,mixed,16,12,0.75,0.75,0.25,0.1603864590606629
no_vision_17,1,informative,True,16,12,0.75,0.75,0.25,0.1603864590606629
no_vision_17,2,all,all,16,12,0.861111111111111,0.861111111111111,0.13888888888888887,0.1603864590606629
no_vision_17,2,family,rigid_connector_module,10,6,0.8888888888888888,0.8888888888888888,0.1111111111111111,0.13042861883862536
no_vision_17,2,family,sliding_stage_pin,6,6,0.8333333333333334,0.8333333333333334,0.16666666666666666,0.19034429928270044
no_vision_17,2,length,19,6,6,0.8333333333333334,0.8333333333333334,0.16666666666666666,0.19034429928270044
no_vision_17,2,length,22,2,2,0.5,0.5,0.5,0.32075291910208714
no_vision_17,2,length,58,2,2,1.0,1.0,0.0,0.17600168911208058
no_vision_17,2,length,76,6,6,0.8333333333333334,0.8333333333333334,0.16666666666666666,0.13280633269233852
no_vision_17,2,pool_type,mixed,16,12,0.861111111111111,0.861111111111111,0.13888888888888887,0.1603864590606629
no_vision_17,2,informative,True,16,12,0.861111111111111,0.861111111111111,0.13888888888888887,0.1603864590606629
no_vision_17,4,all,all,16,12,0.8888888888888888,0.8888888888888888,0.1111111111111111,0.1603864590606629
no_vision_17,4,family,rigid_connector_module,10,6,0.9444444444444443,0.9444444444444443,0.05555555555555555,0.13042861883862536
no_vision_17,4,family,sliding_stage_pin,6,6,0.8333333333333334,0.8333333333333334,0.16666666666666666,0.19034429928270044
no_vision_17,4,length,19,6,6,0.8333333333333334,0.8333333333333334,0.16666666666666666,0.19034429928270044
no_vision_17,4,length,22,2,2,1.0,1.0,0.0,0.32075291910208714
no_vision_17,4,length,58,2,2,1.0,1.0,0.0,0.17600168911208058
no_vision_17,4,length,76,6,6,0.8333333333333334,0.8333333333333334,0.16666666666666666,0.13280633269233852
no_vision_17,4,pool_type,mixed,16,12,0.8888888888888888,0.8888888888888888,0.1111111111111111,0.1603864590606629
no_vision_17,4,informative,True,16,12,0.8888888888888888,0.8888888888888888,0.1111111111111111,0.1603864590606629
no_vision_17,8,all,all,16,12,1.0,1.0,0.0,0.1603864590606629
no_vision_17,8,family,rigid_connector_module,10,6,1.0,1.0,0.0,0.13042861883862536
no_vision_17,8,family,sliding_stage_pin,6,6,1.0,1.0,0.0,0.19034429928270044
no_vision_17,8,length,19,6,6,1.0,1.0,0.0,0.19034429928270044
no_vision_17,8,length,22,2,2,1.0,1.0,0.0,0.32075291910208714
no_vision_17,8,length,58,2,2,1.0,1.0,0.0,0.17600168911208058
no_vision_17,8,length,76,6,6,1.0,1.0,0.0,0.13280633269233852
no_vision_17,8,pool_type,mixed,16,12,1.0,1.0,0.0,0.1603864590606629
no_vision_17,8,informative,True,16,12,1.0,1.0,0.0,0.1603864590606629
vision_17,1,all,all,16,12,0.8333333333333334,0.8333333333333334,0.16666666666666666,0.15100066016688918
vision_17,1,family,rigid_connector_module,10,6,0.8333333333333334,0.8333333333333334,0.16666666666666666,0.11886359386200361
vision_17,1,family,sliding_stage_pin,6,6,0.8333333333333334,0.8333333333333334,0.16666666666666666,0.18313772647177476
vision_17,1,length,19,6,6,0.8333333333333334,0.8333333333333334,0.16666666666666666,0.18313772647177476
vision_17,1,length,22,2,2,1.0,1.0,0.0,0.3169736507869535
vision_17,1,length,58,2,2,1.0,1.0,0.0,0.14481203509451504
vision_17,1,length,76,6,6,0.8333333333333334,0.8333333333333334,0.16666666666666666,0.11983261774599789
vision_17,1,pool_type,mixed,16,12,0.8333333333333334,0.8333333333333334,0.16666666666666666,0.15100066016688918
vision_17,1,informative,True,16,12,0.8333333333333334,0.8333333333333334,0.16666666666666666,0.15100066016688918
vision_17,2,all,all,16,12,0.9166666666666666,0.9166666666666666,0.08333333333333333,0.15100066016688918
vision_17,2,family,rigid_connector_module,10,6,1.0,1.0,0.0,0.11886359386200361
vision_17,2,family,sliding_stage_pin,6,6,0.8333333333333334,0.8333333333333334,0.16666666666666666,0.18313772647177476
vision_17,2,length,19,6,6,0.8333333333333334,0.8333333333333334,0.16666666666666666,0.18313772647177476
vision_17,2,length,22,2,2,1.0,1.0,0.0,0.3169736507869535
vision_17,2,length,58,2,2,1.0,1.0,0.0,0.14481203509451504
vision_17,2,length,76,6,6,1.0,1.0,0.0,0.11983261774599789
vision_17,2,pool_type,mixed,16,12,0.9166666666666666,0.9166666666666666,0.08333333333333333,0.15100066016688918
vision_17,2,informative,True,16,12,0.9166666666666666,0.9166666666666666,0.08333333333333333,0.15100066016688918
vision_17,4,all,all,16,12,0.9166666666666666,0.9166666666666666,0.08333333333333333,0.15100066016688918
vision_17,4,family,rigid_connector_module,10,6,1.0,1.0,0.0,0.11886359386200361
vision_17,4,family,sliding_stage_pin,6,6,0.8333333333333334,0.8333333333333334,0.16666666666666666,0.18313772647177476
vision_17,4,length,19,6,6,0.8333333333333334,0.8333333333333334,0.16666666666666666,0.18313772647177476
vision_17,4,length,22,2,2,1.0,1.0,0.0,0.3169736507869535
vision_17,4,length,58,2,2,1.0,1.0,0.0,0.14481203509451504
vision_17,4,length,76,6,6,1.0,1.0,0.0,0.11983261774599789
vision_17,4,pool_type,mixed,16,12,0.9166666666666666,0.9166666666666666,0.08333333333333333,0.15100066016688918
vision_17,4,informative,True,16,12,0.9166666666666666,0.9166666666666666,0.08333333333333333,0.15100066016688918
vision_17,8,all,all,16,12,1.0,1.0,0.0,0.15100066016688918
vision_17,8,family,rigid_connector_module,10,6,1.0,1.0,0.0,0.11886359386200361
vision_17,8,family,sliding_stage_pin,6,6,1.0,1.0,0.0,0.18313772647177476
vision_17,8,length,19,6,6,1.0,1.0,0.0,0.18313772647177476
vision_17,8,length,22,2,2,1.0,1.0,0.0,0.3169736507869535
vision_17,8,length,58,2,2,1.0,1.0,0.0,0.14481203509451504
vision_17,8,length,76,6,6,1.0,1.0,0.0,0.11983261774599789
vision_17,8,pool_type,mixed,16,12,1.0,1.0,0.0,0.15100066016688918
vision_17,8,informative,True,16,12,1.0,1.0,0.0,0.15100066016688918
residual_29,1,all,all,16,12,1.0,1.0,0.0,0.052164853624870174
residual_29,1,family,rigid_connector_module,10,6,1.0,1.0,0.0,0.07118310142282604
residual_29,1,family,sliding_stage_pin,6,6,1.0,1.0,0.0,0.03314660582691431
residual_29,1,length,19,6,6,1.0,1.0,0.0,0.03314660582691431
residual_29,1,length,22,2,2,1.0,1.0,0.0,0.09419528389116749
residual_29,1,length,58,2,2,1.0,1.0,0.0,0.18369324505329132
residual_29,1,length,76,6,6,1.0,1.0,0.0,0.06487081184362371
residual_29,1,pool_type,mixed,16,12,1.0,1.0,0.0,0.052164853624870174
residual_29,1,informative,True,16,12,1.0,1.0,0.0,0.052164853624870174
residual_29,2,all,all,16,12,1.0,1.0,0.0,0.052164853624870174
residual_29,2,family,rigid_connector_module,10,6,1.0,1.0,0.0,0.07118310142282604
residual_29,2,family,sliding_stage_pin,6,6,1.0,1.0,0.0,0.03314660582691431
residual_29,2,length,19,6,6,1.0,1.0,0.0,0.03314660582691431
residual_29,2,length,22,2,2,1.0,1.0,0.0,0.09419528389116749
residual_29,2,length,58,2,2,1.0,1.0,0.0,0.18369324505329132
residual_29,2,length,76,6,6,1.0,1.0,0.0,0.06487081184362371
residual_29,2,pool_type,mixed,16,12,1.0,1.0,0.0,0.052164853624870174
residual_29,2,informative,True,16,12,1.0,1.0,0.0,0.052164853624870174
residual_29,4,all,all,16,12,1.0,1.0,0.0,0.052164853624870174
residual_29,4,family,rigid_connector_module,10,6,1.0,1.0,0.0,0.07118310142282604
residual_29,4,family,sliding_stage_pin,6,6,1.0,1.0,0.0,0.03314660582691431
residual_29,4,length,19,6,6,1.0,1.0,0.0,0.03314660582691431
residual_29,4,length,22,2,2,1.0,1.0,0.0,0.09419528389116749
residual_29,4,length,58,2,2,1.0,1.0,0.0,0.18369324505329132
residual_29,4,length,76,6,6,1.0,1.0,0.0,0.06487081184362371
residual_29,4,pool_type,mixed,16,12,1.0,1.0,0.0,0.052164853624870174
residual_29,4,informative,True,16,12,1.0,1.0,0.0,0.052164853624870174
residual_29,8,all,all,16,12,1.0,1.0,0.0,0.052164853624870174
residual_29,8,family,rigid_connector_module,10,6,1.0,1.0,0.0,0.07118310142282604
residual_29,8,family,sliding_stage_pin,6,6,1.0,1.0,0.0,0.03314660582691431
residual_29,8,length,19,6,6,1.0,1.0,0.0,0.03314660582691431
residual_29,8,length,22,2,2,1.0,1.0,0.0,0.09419528389116749
residual_29,8,length,58,2,2,1.0,1.0,0.0,0.18369324505329132
residual_29,8,length,76,6,6,1.0,1.0,0.0,0.06487081184362371
residual_29,8,pool_type,mixed,16,12,1.0,1.0,0.0,0.052164853624870174
residual_29,8,informative,True,16,12,1.0,1.0,0.0,0.052164853624870174
prior_17,1,all,all,16,12,0.7777777777777777,0.7777777777777777,0.2222222222222222,0.20378291172285876
prior_17,1,family,rigid_connector_module,10,6,0.5555555555555555,0.5555555555555555,0.4444444444444444,0.23964452867706618
prior_17,1,family,sliding_stage_pin,6,6,1.0,1.0,0.0,0.16792129476865134
prior_17,1,length,19,6,6,1.0,1.0,0.0,0.16792129476865134
prior_17,1,length,22,2,2,0.5,0.5,0.5,0.090373694896698
prior_17,1,length,58,2,2,0.5,0.5,0.5,0.27459728717803955
prior_17,1,length,76,6,6,0.6666666666666666,0.6666666666666666,0.3333333333333333,0.23417826369404793
prior_17,1,pool_type,mixed,16,12,0.7777777777777777,0.7777777777777777,0.2222222222222222,0.20378291172285876
prior_17,1,informative,True,16,12,0.7777777777777777,0.7777777777777777,0.2222222222222222,0.20378291172285876
prior_17,2,all,all,16,12,0.9722222222222222,0.9722222222222222,0.027777777777777776,0.20378291172285876
prior_17,2,family,rigid_connector_module,10,6,0.9444444444444443,0.9444444444444443,0.05555555555555555,0.23964452867706618
prior_17,2,family,sliding_stage_pin,6,6,1.0,1.0,0.0,0.16792129476865134
prior_17,2,length,19,6,6,1.0,1.0,0.0,0.16792129476865134
prior_17,2,length,22,2,2,0.5,0.5,0.5,0.090373694896698
prior_17,2,length,58,2,2,1.0,1.0,0.0,0.27459728717803955
prior_17,2,length,76,6,6,1.0,1.0,0.0,0.23417826369404793
prior_17,2,pool_type,mixed,16,12,0.9722222222222222,0.9722222222222222,0.027777777777777776,0.20378291172285876
prior_17,2,informative,True,16,12,0.9722222222222222,0.9722222222222222,0.027777777777777776,0.20378291172285876
prior_17,4,all,all,16,12,1.0,1.0,0.0,0.20378291172285876
prior_17,4,family,rigid_connector_module,10,6,1.0,1.0,0.0,0.23964452867706618
prior_17,4,family,sliding_stage_pin,6,6,1.0,1.0,0.0,0.16792129476865134
prior_17,4,length,19,6,6,1.0,1.0,0.0,0.16792129476865134
prior_17,4,length,22,2,2,1.0,1.0,0.0,0.090373694896698
prior_17,4,length,58,2,2,1.0,1.0,0.0,0.27459728717803955
prior_17,4,length,76,6,6,1.0,1.0,0.0,0.23417826369404793
prior_17,4,pool_type,mixed,16,12,1.0,1.0,0.0,0.20378291172285876
prior_17,4,informative,True,16,12,1.0,1.0,0.0,0.20378291172285876
prior_17,8,all,all,16,12,1.0,1.0,0.0,0.20378291172285876
prior_17,8,family,rigid_connector_module,10,6,1.0,1.0,0.0,0.23964452867706618
prior_17,8,family,sliding_stage_pin,6,6,1.0,1.0,0.0,0.16792129476865134
prior_17,8,length,19,6,6,1.0,1.0,0.0,0.16792129476865134
prior_17,8,length,22,2,2,1.0,1.0,0.0,0.090373694896698
prior_17,8,length,58,2,2,1.0,1.0,0.0,0.27459728717803955
prior_17,8,length,76,6,6,1.0,1.0,0.0,0.23417826369404793
prior_17,8,pool_type,mixed,16,12,1.0,1.0,0.0,0.20378291172285876
prior_17,8,informative,True,16,12,1.0,1.0,0.0,0.20378291172285876
mlp_29,1,all,all,16,12,1.0,1.0,0.0,0.04313294844824769
mlp_29,1,family,rigid_connector_module,10,6,1.0,1.0,0.0,0.06784336797944789
mlp_29,1,family,sliding_stage_pin,6,6,1.0,1.0,0.0,0.018422528917047504
mlp_29,1,length,19,6,6,1.0,1.0,0.0,0.018422528917047504
mlp_29,1,length,22,2,2,1.0,1.0,0.0,0.06503974890802056
mlp_29,1,length,58,2,2,1.0,1.0,0.0,0.1780899092555046
mlp_29,1,length,76,6,6,1.0,1.0,0.0,0.06861563073471189
mlp_29,1,pool_type,mixed,16,12,1.0,1.0,0.0,0.04313294844824769
mlp_29,1,informative,True,16,12,1.0,1.0,0.0,0.04313294844824769
mlp_29,2,all,all,16,12,1.0,1.0,0.0,0.04313294844824769
mlp_29,2,family,rigid_connector_module,10,6,1.0,1.0,0.0,0.06784336797944789
mlp_29,2,family,sliding_stage_pin,6,6,1.0,1.0,0.0,0.018422528917047504
mlp_29,2,length,19,6,6,1.0,1.0,0.0,0.018422528917047504
mlp_29,2,length,22,2,2,1.0,1.0,0.0,0.06503974890802056
mlp_29,2,length,58,2,2,1.0,1.0,0.0,0.1780899092555046
mlp_29,2,length,76,6,6,1.0,1.0,0.0,0.06861563073471189
mlp_29,2,pool_type,mixed,16,12,1.0,1.0,0.0,0.04313294844824769
mlp_29,2,informative,True,16,12,1.0,1.0,0.0,0.04313294844824769
mlp_29,4,all,all,16,12,1.0,1.0,0.0,0.04313294844824769
mlp_29,4,family,rigid_connector_module,10,6,1.0,1.0,0.0,0.06784336797944789
mlp_29,4,family,sliding_stage_pin,6,6,1.0,1.0,0.0,0.018422528917047504
mlp_29,4,length,19,6,6,1.0,1.0,0.0,0.018422528917047504
mlp_29,4,length,22,2,2,1.0,1.0,0.0,0.06503974890802056
mlp_29,4,length,58,2,2,1.0,1.0,0.0,0.1780899092555046
mlp_29,4,length,76,6,6,1.0,1.0,0.0,0.06861563073471189
mlp_29,4,pool_type,mixed,16,12,1.0,1.0,0.0,0.04313294844824769
mlp_29,4,informative,True,16,12,1.0,1.0,0.0,0.04313294844824769
mlp_29,8,all,all,16,12,1.0,1.0,0.0,0.04313294844824769
mlp_29,8,family,rigid_connector_module,10,6,1.0,1.0,0.0,0.06784336797944789
mlp_29,8,family,sliding_stage_pin,6,6,1.0,1.0,0.0,0.018422528917047504
mlp_29,8,length,19,6,6,1.0,1.0,0.0,0.018422528917047504
mlp_29,8,length,22,2,2,1.0,1.0,0.0,0.06503974890802056
mlp_29,8,length,58,2,2,1.0,1.0,0.0,0.1780899092555046
mlp_29,8,length,76,6,6,1.0,1.0,0.0,0.06861563073471189
mlp_29,8,pool_type,mixed,16,12,1.0,1.0,0.0,0.04313294844824769
mlp_29,8,informative,True,16,12,1.0,1.0,0.0,0.04313294844824769
residual_43,1,all,all,16,12,1.0,1.0,0.0,0.05367304177747833
residual_43,1,family,rigid_connector_module,10,6,1.0,1.0,0.0,0.07237294523252381
residual_43,1,family,sliding_stage_pin,6,6,1.0,1.0,0.0,0.03497313832243284
residual_43,1,length,19,6,6,1.0,1.0,0.0,0.03497313832243284
residual_43,1,length,22,2,2,1.0,1.0,0.0,0.08786316402256489
residual_43,1,length,58,2,2,1.0,1.0,0.0,0.2027641236782074
residual_43,1,length,76,6,6,1.0,1.0,0.0,0.06503185257315636
residual_43,1,pool_type,mixed,16,12,1.0,1.0,0.0,0.05367304177747833
residual_43,1,informative,True,16,12,1.0,1.0,0.0,0.05367304177747833
residual_43,2,all,all,16,12,1.0,1.0,0.0,0.05367304177747833
residual_43,2,family,rigid_connector_module,10,6,1.0,1.0,0.0,0.07237294523252381
residual_43,2,family,sliding_stage_pin,6,6,1.0,1.0,0.0,0.03497313832243284
residual_43,2,length,19,6,6,1.0,1.0,0.0,0.03497313832243284
residual_43,2,length,22,2,2,1.0,1.0,0.0,0.08786316402256489
residual_43,2,length,58,2,2,1.0,1.0,0.0,0.2027641236782074
residual_43,2,length,76,6,6,1.0,1.0,0.0,0.06503185257315636
residual_43,2,pool_type,mixed,16,12,1.0,1.0,0.0,0.05367304177747833
residual_43,2,informative,True,16,12,1.0,1.0,0.0,0.05367304177747833
residual_43,4,all,all,16,12,1.0,1.0,0.0,0.05367304177747833
residual_43,4,family,rigid_connector_module,10,6,1.0,1.0,0.0,0.07237294523252381
residual_43,4,family,sliding_stage_pin,6,6,1.0,1.0,0.0,0.03497313832243284
residual_43,4,length,19,6,6,1.0,1.0,0.0,0.03497313832243284
residual_43,4,length,22,2,2,1.0,1.0,0.0,0.08786316402256489
residual_43,4,length,58,2,2,1.0,1.0,0.0,0.2027641236782074
residual_43,4,length,76,6,6,1.0,1.0,0.0,0.06503185257315636
residual_43,4,pool_type,mixed,16,12,1.0,1.0,0.0,0.05367304177747833
residual_43,4,informative,True,16,12,1.0,1.0,0.0,0.05367304177747833
residual_43,8,all,all,16,12,1.0,1.0,0.0,0.05367304177747833
residual_43,8,family,rigid_connector_module,10,6,1.0,1.0,0.0,0.07237294523252381
residual_43,8,family,sliding_stage_pin,6,6,1.0,1.0,0.0,0.03497313832243284
residual_43,8,length,19,6,6,1.0,1.0,0.0,0.03497313832243284
residual_43,8,length,22,2,2,1.0,1.0,0.0,0.08786316402256489
residual_43,8,length,58,2,2,1.0,1.0,0.0,0.2027641236782074
residual_43,8,length,76,6,6,1.0,1.0,0.0,0.06503185257315636
residual_43,8,pool_type,mixed,16,12,1.0,1.0,0.0,0.05367304177747833
residual_43,8,informative,True,16,12,1.0,1.0,0.0,0.05367304177747833
fewshot_mlp_17,1,all,all,16,12,1.0,1.0,0.0,0.10972387235435438
fewshot_mlp_17,1,family,rigid_connector_module,10,6,1.0,1.0,0.0,0.18812489783805278
fewshot_mlp_17,1,family,sliding_stage_pin,6,6,1.0,1.0,0.0,0.03132284687065597
fewshot_mlp_17,1,length,19,6,6,1.0,1.0,0.0,0.03132284687065597
fewshot_mlp_17,1,length,22,2,2,1.0,1.0,0.0,0.71875
fewshot_mlp_17,1,length,58,2,2,1.0,1.0,0.0,0.11019431799650192
fewshot_mlp_17,1,length,76,6,6,1.0,1.0,0.0,0.13877924143647155
fewshot_mlp_17,1,pool_type,mixed,16,12,1.0,1.0,0.0,0.10972387235435438
fewshot_mlp_17,1,informative,True,16,12,1.0,1.0,0.0,0.10972387235435438
fewshot_mlp_17,2,all,all,16,12,1.0,1.0,0.0,0.10972387235435438
fewshot_mlp_17,2,family,rigid_connector_module,10,6,1.0,1.0,0.0,0.18812489783805278
fewshot_mlp_17,2,family,sliding_stage_pin,6,6,1.0,1.0,0.0,0.03132284687065597
fewshot_mlp_17,2,length,19,6,6,1.0,1.0,0.0,0.03132284687065597
fewshot_mlp_17,2,length,22,2,2,1.0,1.0,0.0,0.71875
fewshot_mlp_17,2,length,58,2,2,1.0,1.0,0.0,0.11019431799650192
fewshot_mlp_17,2,length,76,6,6,1.0,1.0,0.0,0.13877924143647155
fewshot_mlp_17,2,pool_type,mixed,16,12,1.0,1.0,0.0,0.10972387235435438
fewshot_mlp_17,2,informative,True,16,12,1.0,1.0,0.0,0.10972387235435438
fewshot_mlp_17,4,all,all,16,12,1.0,1.0,0.0,0.10972387235435438
fewshot_mlp_17,4,family,rigid_connector_module,10,6,1.0,1.0,0.0,0.18812489783805278
fewshot_mlp_17,4,family,sliding_stage_pin,6,6,1.0,1.0,0.0,0.03132284687065597
fewshot_mlp_17,4,length,19,6,6,1.0,1.0,0.0,0.03132284687065597
fewshot_mlp_17,4,length,22,2,2,1.0,1.0,0.0,0.71875
fewshot_mlp_17,4,length,58,2,2,1.0,1.0,0.0,0.11019431799650192
fewshot_mlp_17,4,length,76,6,6,1.0,1.0,0.0,0.13877924143647155
fewshot_mlp_17,4,pool_type,mixed,16,12,1.0,1.0,0.0,0.10972387235435438
fewshot_mlp_17,4,informative,True,16,12,1.0,1.0,0.0,0.10972387235435438
fewshot_mlp_17,8,all,all,16,12,1.0,1.0,0.0,0.10972387235435438
fewshot_mlp_17,8,family,rigid_connector_module,10,6,1.0,1.0,0.0,0.18812489783805278
fewshot_mlp_17,8,family,sliding_stage_pin,6,6,1.0,1.0,0.0,0.03132284687065597
fewshot_mlp_17,8,length,19,6,6,1.0,1.0,0.0,0.03132284687065597
fewshot_mlp_17,8,length,22,2,2,1.0,1.0,0.0,0.71875
fewshot_mlp_17,8,length,58,2,2,1.0,1.0,0.0,0.11019431799650192
fewshot_mlp_17,8,length,76,6,6,1.0,1.0,0.0,0.13877924143647155
fewshot_mlp_17,8,pool_type,mixed,16,12,1.0,1.0,0.0,0.10972387235435438
fewshot_mlp_17,8,informative,True,16,12,1.0,1.0,0.0,0.10972387235435438
v1_fixed,1,all,all,16,12,0.5,0.5,0.5,0.29608529939964495
v1_fixed,1,family,rigid_connector_module,10,6,0.5,0.5,0.5,0.32001418986871843
v1_fixed,1,family,sliding_stage_pin,6,6,0.5,0.5,0.5,0.2721564089305714
v1_fixed,1,length,19,6,6,0.5,0.5,0.5,0.2721564089305714
v1_fixed,1,length,22,2,2,0.0,0.0,1.0,0.21492229177957767
v1_fixed,1,length,58,2,2,1.0,1.0,0.0,0.3192280721744304
v1_fixed,1,length,76,6,6,0.5,0.5,0.5,0.3327720036371059
v1_fixed,1,pool_type,mixed,16,12,0.5,0.5,0.5,0.29608529939964495
v1_fixed,1,informative,True,16,12,0.5,0.5,0.5,0.29608529939964495
v1_fixed,2,all,all,16,12,0.5833333333333334,0.5833333333333334,0.4166666666666667,0.29608529939964495
v1_fixed,2,family,rigid_connector_module,10,6,0.6666666666666666,0.6666666666666666,0.3333333333333333,0.32001418986871843
v1_fixed,2,family,sliding_stage_pin,6,6,0.5,0.5,0.5,0.2721564089305714
v1_fixed,2,length,19,6,6,0.5,0.5,0.5,0.2721564089305714
v1_fixed,2,length,22,2,2,0.0,0.0,1.0,0.21492229177957767
v1_fixed,2,length,58,2,2,1.0,1.0,0.0,0.3192280721744304
v1_fixed,2,length,76,6,6,0.6666666666666666,0.6666666666666666,0.3333333333333333,0.3327720036371059
v1_fixed,2,pool_type,mixed,16,12,0.5833333333333334,0.5833333333333334,0.4166666666666667,0.29608529939964495
v1_fixed,2,informative,True,16,12,0.5833333333333334,0.5833333333333334,0.4166666666666667,0.29608529939964495
v1_fixed,4,all,all,16,12,0.6666666666666666,0.6666666666666666,0.3333333333333333,0.29608529939964495
v1_fixed,4,family,rigid_connector_module,10,6,0.8333333333333334,0.8333333333333334,0.16666666666666666,0.32001418986871843
v1_fixed,4,family,sliding_stage_pin,6,6,0.5,0.5,0.5,0.2721564089305714
v1_fixed,4,length,19,6,6,0.5,0.5,0.5,0.2721564089305714
v1_fixed,4,length,22,2,2,0.0,0.0,1.0,0.21492229177957767
v1_fixed,4,length,58,2,2,1.0,1.0,0.0,0.3192280721744304
v1_fixed,4,length,76,6,6,0.8333333333333334,0.8333333333333334,0.16666666666666666,0.3327720036371059
v1_fixed,4,pool_type,mixed,16,12,0.6666666666666666,0.6666666666666666,0.3333333333333333,0.29608529939964495
v1_fixed,4,informative,True,16,12,0.6666666666666666,0.6666666666666666,0.3333333333333333,0.29608529939964495
v1_fixed,8,all,all,16,12,0.861111111111111,0.861111111111111,0.13888888888888887,0.29608529939964495
v1_fixed,8,family,rigid_connector_module,10,6,0.8888888888888888,0.8888888888888888,0.1111111111111111,0.32001418986871843
v1_fixed,8,family,sliding_stage_pin,6,6,0.8333333333333334,0.8333333333333334,0.16666666666666666,0.2721564089305714
v1_fixed,8,length,19,6,6,0.8333333333333334,0.8333333333333334,0.16666666666666666,0.2721564089305714
v1_fixed,8,length,22,2,2,0.0,0.0,1.0,0.21492229177957767
v1_fixed,8,length,58,2,2,1.0,1.0,0.0,0.3192280721744304
v1_fixed,8,length,76,6,6,1.0,1.0,0.0,0.3327720036371059
v1_fixed,8,pool_type,mixed,16,12,0.861111111111111,0.861111111111111,0.13888888888888887,0.29608529939964495
v1_fixed,8,informative,True,16,12,0.861111111111111,0.861111111111111,0.13888888888888887,0.29608529939964495
geometry,1,all,all,16,12,0.8055555555555555,0.8055555555555555,0.19444444444444442,
geometry,1,family,rigid_connector_module,10,6,0.7777777777777777,0.7777777777777777,0.2222222222222222,
geometry,1,family,sliding_stage_pin,6,6,0.8333333333333334,0.8333333333333334,0.16666666666666666,
geometry,1,length,19,6,6,0.8333333333333334,0.8333333333333334,0.16666666666666666,
geometry,1,length,22,2,2,1.0,1.0,0.0,
geometry,1,length,58,2,2,1.0,1.0,0.0,
geometry,1,length,76,6,6,0.6666666666666666,0.6666666666666666,0.3333333333333333,
geometry,1,pool_type,mixed,16,12,0.8055555555555555,0.8055555555555555,0.19444444444444442,
geometry,1,informative,True,16,12,0.8055555555555555,0.8055555555555555,0.19444444444444442,
geometry,2,all,all,16,12,1.0,1.0,0.0,
geometry,2,family,rigid_connector_module,10,6,1.0,1.0,0.0,
geometry,2,family,sliding_stage_pin,6,6,1.0,1.0,0.0,
geometry,2,length,19,6,6,1.0,1.0,0.0,
geometry,2,length,22,2,2,1.0,1.0,0.0,
geometry,2,length,58,2,2,1.0,1.0,0.0,
geometry,2,length,76,6,6,1.0,1.0,0.0,
geometry,2,pool_type,mixed,16,12,1.0,1.0,0.0,
geometry,2,informative,True,16,12,1.0,1.0,0.0,
geometry,4,all,all,16,12,1.0,1.0,0.0,
geometry,4,family,rigid_connector_module,10,6,1.0,1.0,0.0,
geometry,4,family,sliding_stage_pin,6,6,1.0,1.0,0.0,
geometry,4,length,19,6,6,1.0,1.0,0.0,
geometry,4,length,22,2,2,1.0,1.0,0.0,
geometry,4,length,58,2,2,1.0,1.0,0.0,
geometry,4,length,76,6,6,1.0,1.0,0.0,
geometry,4,pool_type,mixed,16,12,1.0,1.0,0.0,
geometry,4,informative,True,16,12,1.0,1.0,0.0,
geometry,8,all,all,16,12,1.0,1.0,0.0,
geometry,8,family,rigid_connector_module,10,6,1.0,1.0,0.0,
geometry,8,family,sliding_stage_pin,6,6,1.0,1.0,0.0,
geometry,8,length,19,6,6,1.0,1.0,0.0,
geometry,8,length,22,2,2,1.0,1.0,0.0,
geometry,8,length,58,2,2,1.0,1.0,0.0,
geometry,8,length,76,6,6,1.0,1.0,0.0,
geometry,8,pool_type,mixed,16,12,1.0,1.0,0.0,
geometry,8,informative,True,16,12,1.0,1.0,0.0,
