level,seed,part,valid,position_error_m,quality,source_view,backend,detector_resolution
L0,1300,carriage,1,0.006001048037226336,0.7364648233355259,top_view,rgbd_geometry,640x480
L0,1300,end_stop,1,0.0037591872439077757,0.8300823711717747,top_view,rgbd_geometry,640x480
L0,1300,pin_left,1,0.000666738917617611,0.8429953139595022,top_view,rgbd_geometry,640x480
L0,1300,pin_right,1,0.00044222614756526707,0.8489797089735415,top_view,rgbd_geometry,640x480
L0,1300,handle,1,0.012087204594662688,0.7713689247019087,task_view,rgbd_geometry,640x480
L0,1300,wipe_tool,1,0.0015129410481590532,0.9157369419061289,task_view,rgbd_geometry,640x480
L0,1301,carriage,1,0.004679555516964624,0.7328284725520401,top_view,rgbd_geometry,640x480
L0,1301,end_stop,1,0.003880881292487716,0.7888721722933228,top_view,rgbd_geometry,640x480
L0,1301,pin_left,1,0.0010142383980995737,0.8461674974630755,top_view,rgbd_geometry,640x480
L0,1301,pin_right,1,0.00011142604439041365,0.8485579014024129,top_view,rgbd_geometry,640x480
L0,1301,handle,1,0.011768797300413778,0.7786595384212012,task_view,rgbd_geometry,640x480
L0,1301,wipe_tool,1,0.0015129410481590532,0.9157369419061289,task_view,rgbd_geometry,640x480
L0,1302,carriage,1,0.004341050813019109,0.7309665772490378,top_view,rgbd_geometry,640x480
L0,1302,end_stop,1,0.0035836911072240703,0.8310616129496323,top_view,rgbd_geometry,640x480
L0,1302,pin_left,1,0.00018474289759365083,0.8463562832359042,top_view,rgbd_geometry,640x480
L0,1302,pin_right,1,9.225587454719461e-05,0.8533601572833405,top_view,rgbd_geometry,640x480
L0,1302,handle,1,0.012006008306023174,0.7773165613695135,task_view,rgbd_geometry,640x480
L0,1302,wipe_tool,1,0.0015129410481590532,0.9157369419061289,task_view,rgbd_geometry,640x480
L0,1303,carriage,1,0.004145036911174357,0.72361288623707,top_view,rgbd_geometry,640x480
L0,1303,end_stop,1,0.004074542410976534,0.7838764677458893,top_view,rgbd_geometry,640x480
L0,1303,pin_left,1,0.001331450800493501,0.8471919483486772,top_view,rgbd_geometry,640x480
L0,1303,pin_right,1,0.0013005343308170943,0.8449799240970185,top_view,rgbd_geometry,640x480
L0,1303,handle,1,0.012214127881314756,0.7923355908794464,task_view,rgbd_geometry,640x480
L0,1303,wipe_tool,1,0.0015129410481590532,0.9157369419061289,task_view,rgbd_geometry,640x480
L1,1400,carriage,1,0.005860569813890541,0.7307630360861269,top_view,rgbd_geometry,640x480
L1,1400,end_stop,1,0.003442655041540262,0.8272732669737505,top_view,rgbd_geometry,640x480
L1,1400,pin_left,1,0.0012716306118044237,0.8444542723125317,top_view,rgbd_geometry,640x480
L1,1400,pin_right,1,0.00033085642730263433,0.8516334086203111,top_view,rgbd_geometry,640x480
L1,1400,handle,1,0.012114737513169977,0.7835241354678028,task_view,rgbd_geometry,640x480
L1,1400,wipe_tool,1,0.0015129410481590532,0.9157369419061289,task_view,rgbd_geometry,640x480
L1,1401,carriage,1,0.004245903778165413,0.729535354516916,top_view,rgbd_geometry,640x480
L1,1401,end_stop,1,0.003361193716175897,0.8310595718836765,top_view,rgbd_geometry,640x480
L1,1401,pin_left,1,0.0012283988274422817,0.8428533555398455,top_view,rgbd_geometry,640x480
L1,1401,pin_right,1,0.0014300782194482553,0.8487128145589563,top_view,rgbd_geometry,640x480
L1,1401,handle,1,21.664855789087383,0.8577826589140564,top_view,rgbd_geometry,640x480
L1,1401,wipe_tool,1,0.0015129410481590532,0.9157369419061289,task_view,rgbd_geometry,640x480
L1,1402,carriage,1,0.005198314831699346,0.7337182201295189,top_view,rgbd_geometry,640x480
L1,1402,end_stop,1,0.003335293001809366,0.8424048888842537,top_view,rgbd_geometry,640x480
L1,1402,pin_left,1,0.0010464916345356862,0.846609827276917,top_view,rgbd_geometry,640x480
L1,1402,pin_right,1,0.0013227484970812801,0.8455204431509893,top_view,rgbd_geometry,640x480
L1,1402,handle,1,0.012099531276208494,0.784789272889955,task_view,rgbd_geometry,640x480
L1,1402,wipe_tool,1,0.0015129410481590532,0.9157369419061289,task_view,rgbd_geometry,640x480
L1,1403,carriage,1,0.00527294657653222,0.725140220220607,top_view,rgbd_geometry,640x480
L1,1403,end_stop,1,0.00356732772436101,0.7885560525898331,top_view,rgbd_geometry,640x480
L1,1403,pin_left,1,0.0014018957446632282,0.847897974166015,top_view,rgbd_geometry,640x480
L1,1403,pin_right,1,0.001689909260456215,0.8480008884104772,top_view,rgbd_geometry,640x480
L1,1403,handle,1,0.011794958095251504,0.7792574680157446,task_view,rgbd_geometry,640x480
L1,1403,wipe_tool,1,0.0015129410481590532,0.9157369419061289,task_view,rgbd_geometry,640x480
L2,1500,carriage,1,0.007048503565870854,0.729631090066036,top_view,rgbd_geometry,640x480
L2,1500,end_stop,1,0.004447655137211765,0.7884423023838045,top_view,rgbd_geometry,640x480
L2,1500,pin_left,1,0.0007393284745916025,0.8462403927747288,top_view,rgbd_geometry,640x480
L2,1500,pin_right,1,0.0009586504268758286,0.8523217440346335,top_view,rgbd_geometry,640x480
L2,1500,handle,1,0.011783511655390752,0.7855480906279053,task_view,rgbd_geometry,640x480
L2,1500,wipe_tool,1,0.0015129410481590532,0.9157369419061289,task_view,rgbd_geometry,640x480
L2,1501,carriage,1,0.006103096512652876,0.726171118551891,top_view,rgbd_geometry,640x480
L2,1501,end_stop,1,0.004749961433533533,0.7848135581046284,top_view,rgbd_geometry,640x480
L2,1501,pin_left,1,0.0010934917395601586,0.8421032712175925,top_view,rgbd_geometry,640x480
L2,1501,pin_right,1,0.0009924426252558701,0.8467268244804247,top_view,rgbd_geometry,640x480
L2,1501,handle,1,0.011953947910917318,0.781153048627232,task_view,rgbd_geometry,640x480
L2,1501,wipe_tool,1,0.0015129410481590532,0.9157369419061289,task_view,rgbd_geometry,640x480
L2,1502,carriage,1,0.005584429398316201,0.7345200276374101,top_view,rgbd_geometry,640x480
L2,1502,end_stop,1,0.004695427145685097,0.8025836498766402,top_view,rgbd_geometry,640x480
L2,1502,pin_left,1,0.001403797269333844,0.8490008654616581,top_view,rgbd_geometry,640x480
L2,1502,pin_right,1,0.0015738035220481468,0.8441904443645304,top_view,rgbd_geometry,640x480
L2,1502,handle,1,17.66555663534161,0.8632612769105321,top_view,rgbd_geometry,640x480
L2,1502,wipe_tool,1,0.0015129410481590532,0.9157369419061289,task_view,rgbd_geometry,640x480
L2,1503,carriage,1,0.007971170447398307,0.7519031973872818,top_view,rgbd_geometry,640x480
L2,1503,end_stop,1,0.003766722005871634,0.7940906530981221,top_view,rgbd_geometry,640x480
L2,1503,pin_left,1,0.0003411627818279212,0.8419538445569733,top_view,rgbd_geometry,640x480
L2,1503,pin_right,1,0.0012907075717952304,0.8476005538754281,top_view,rgbd_geometry,640x480
L2,1503,handle,1,0.011996878124247927,0.7917862224966814,task_view,rgbd_geometry,640x480
L2,1503,wipe_tool,1,0.0015129410481590532,0.9157369419061289,task_view,rgbd_geometry,640x480
